Dimension,Mean Score,Item,Mean,Variance,Std. Dev.,No.,Scale,Mean
Attractiveness,2.1153846153846154,Q1,2.0,0.6666666666666666,0.816496580927726,13,Pragmatic Quality,2.1923076923076925
Perspicuity,2.269230769230769,Q2,2.230769230769231,0.5256410256410257,0.7250110520819842,13,Hedonic Quality,2.1153846153846154
Efficiency,2.0,Q3,2.5384615384615383,0.2692307692307693,0.5188745216627708,13,Overall,2.1538461538461537
Dependability,2.230769230769231,Q4,2.0,0.6666666666666666,0.816496580927726,13,,
,,Q5,2.076923076923077,0.576923076923077,0.75955452531275,13,,
,,Q6,1.9230769230769231,0.4102564102564102,0.6405126152203485,13,,
,,Q7,2.230769230769231,0.5256410256410257,0.7250110520819842,13,,
,,Q8,2.230769230769231,0.6923076923076924,0.8320502943378437,13,,
